code,country,confederation,url
AFG,Afghanistan,AFC,https://countryflagsapi.com/png/afghanistan
AIA,Anguilla,CONCACF,https://countryflagsapi.com/png/anguilla
ALB,Albania,UEFA,https://countryflagsapi.com/png/albania
ALG,Algeria,CAF,https://countryflagsapi.com/png/algeria
ASA,American Samoa,OFC,https://countryflagsapi.com/png/american%20samoa
AND,Andorra,UEFA,https://countryflagsapi.com/png/andorra
ANT,Angola,CAF,https://countryflagsapi.com/png/angola
ATG,Antigua and Barbuda,CONCACF,https://countryflagsapi.com/png/antigua%20and%20barbuda
ARG,Argentina,CONMEBOL,https://countryflagsapi.com/png/argentina
ARM,Armenia,UEFA,https://countryflagsapi.com/png/armenia
ARU,Aruba,CONCACF,https://countryflagsapi.com/png/aruba
AUS,Australia,OFC,https://countryflagsapi.com/png/australia
AUT,Austria,UEFA,https://countryflagsapi.com/png/austria
AZE,Azerbaijan,UEFA,https://countryflagsapi.com/png/azerbaijan
BAH,Bahamas,CONCACF,https://countryflagsapi.com/png/bahamas
BRN,Bahrain,AFC,https://countryflagsapi.com/png/bahrain
BGD,Bangladesh,AFC,https://countryflagsapi.com/png/bangladesh
BRB,Barbados,CONCACF,https://countryflagsapi.com/png/barbados
BLR,Belarus,UEFA,https://countryflagsapi.com/png/belarus
BEL,Belgium,UEFA,https://countryflagsapi.com/png/belgium
BIZ,Belize,CONCACF,https://countryflagsapi.com/png/belize
BEN,Benin,CAF,https://countryflagsapi.com/png/benin
BER,Bermuda,CONCACF,https://countryflagsapi.com/png/bermuda
BHU,Bhutan,AFC,https://countryflagsapi.com/png/bhutan
BOL,Bolivia,CONMEBOL,https://countryflagsapi.com/png/bolivia
BIH,Bosnia and Herzegovina,UEFA,https://countryflagsapi.com/png/bosnia%20and%20herzegovina
BOT,Botswana,CAF,https://countryflagsapi.com/png/botswana
BRA,Brazil,CONMEBOL,https://countryflagsapi.com/png/brazil
IVB,British Virgin Islands,CONCACF,https://countryflagsapi.com/png/british%20virgin%20islands
BRU,Brunei Darussalam,AFC,https://countryflagsapi.com/png/brunei%20darussalam
BUL,Bulgaria,UEFA,https://countryflagsapi.com/png/bulgaria
BUR,Burkina Faso,CAF,https://countryflagsapi.com/png/burkina%20faso
BDI,Burundi,CAF,https://countryflagsapi.com/png/burundi
CPV,Cabo Verde,CAF,https://countryflagsapi.com/png/cabo%20verde
CAM,Cambodia,AFC,https://countryflagsapi.com/png/cambodia
CMR,Cameroon,CAF,https://countryflagsapi.com/png/cameroon
CAN,Canada,CONCACF,https://countryflagsapi.com/png/canada
CAY,Cayman Islands,CONCACF,https://countryflagsapi.com/png/cayman%20islands
CTA,Central African Republic,CAF,https://countryflagsapi.com/png/central%20african%20republic
CHA,Chad,CAF,https://countryflagsapi.com/png/chad
CHI,Chile,CONMEBOL,https://countryflagsapi.com/png/chile
TPE,Chinese Taipei,AFC,https://countryflagsapi.com/png/chinese%20taipei
COL,Colombia,CONMEBOL,https://countryflagsapi.com/png/colombia
COM,Comoros,CAF,https://countryflagsapi.com/png/comoros
CGO,Congo,CAF,https://countryflagsapi.com/png/congo
COD,Congo DR,CAF,https://countryflagsapi.com/png/congo%20dr
COK,Cook Islands,OFC,https://countryflagsapi.com/png/cook%20islands
CRC,Costa Rica,CONCACF,https://countryflagsapi.com/png/costa%20rica
CIV,Côte d'Ivoire,CAF,https://countryflagsapi.com/png/côte%20d'ivoire
CRO,Croatia,UEFA,https://countryflagsapi.com/png/croatia
CUB,Cuba,CONMEBOL,https://countryflagsapi.com/png/cuba
CUW,Curacao,CONCACAF,https://countryflagsapi.com/png/curacao
CYP,Cyprus,UEFA,https://countryflagsapi.com/png/cyprus
CZE,Czech Republic,UEFA,https://countryflagsapi.com/png/czech%20republic
PRK,Democratic People’s Republic of Korea,AFC,https://countryflagsapi.com/png/democratic%20people’s%20republic%20of%20korea
DEN,Denmark,UEFA,https://countryflagsapi.com/png/denmark
DJI,Djibouti,CAF,https://countryflagsapi.com/png/djibouti
DMA,Dominica,CONCACF,https://countryflagsapi.com/png/dominica
DOM,Dominican Republic,CONCACF,https://countryflagsapi.com/png/dominican%20republic
ECU,Ecuador,CONMEBOL,https://countryflagsapi.com/png/ecuador
EGY,Egypt,CAF,https://countryflagsapi.com/png/egypt
ESA,El Salvador,CONCACF,https://countryflagsapi.com/png/el%20salvador
ENG,England,UEFA,https://countryflagsapi.com/png/england
GEQ,Equatorial Guinea,CAF,https://countryflagsapi.com/png/equatorial%20guinea
ERI,Eritrea,CAF,https://countryflagsapi.com/png/eritrea
EST,Estonia,UEFA,https://countryflagsapi.com/png/estonia
ETH,Ethiopia,CAF,https://countryflagsapi.com/png/ethiopia
FIJ,Fiji,OFC,https://countryflagsapi.com/png/fiji
FIN,Finland,UEFA,https://countryflagsapi.com/png/finland
FRA,France,UEFA,https://countryflagsapi.com/png/france
FRO,Faroe Islands,UEFA,https://countryflagsapi.com/png/faroe%20islands
GAB,Gabon,CAF,https://countryflagsapi.com/png/gabon
GAM,Gambia,CAF,https://countryflagsapi.com/png/gambia
GEO,Georgia,UEFA,https://countryflagsapi.com/png/georgia
GER,Germany,UEFA,https://countryflagsapi.com/png/germany
GHA,Ghana,CAF,https://countryflagsapi.com/png/ghana
GIB,Gibalter,UEFA,https://countryflagsapi.com/png/gibalter
GRE,Greece,UEFA,https://countryflagsapi.com/png/greece
GRN,Grenada,CONCACAF,https://countryflagsapi.com/png/grenada
GUM,Guam,OFC,https://countryflagsapi.com/png/guam
GUA,Guatemala,CONCACAF,https://countryflagsapi.com/png/guatemala
GUI,Guinea,CAF,https://countryflagsapi.com/png/guinea
GBS,Guinea-Bissau,CAF,https://countryflagsapi.com/png/guinea-bissau
GUY,Guyana,CONCACF,https://countryflagsapi.com/png/guyana
HAI,Haiti,CONCACF,https://countryflagsapi.com/png/haiti
HON,Honduras,CONCACF,https://countryflagsapi.com/png/honduras
HKG,"Hong Kong, China",AFC,"https://countryflagsapi.com/png/hong%20kong,%20china"
HUN,Hungary,UEFA,https://countryflagsapi.com/png/hungary
ISL,Iceland,UEFA,https://countryflagsapi.com/png/iceland
IND,India,AFC,https://countryflagsapi.com/png/india
INA,Indonesia,AFC,https://countryflagsapi.com/png/indonesia
IRQ,Iraq,AFC,https://countryflagsapi.com/png/iraq
IRL,Ireland,UEFA,https://countryflagsapi.com/png/ireland
IRI,Islamic Republic of Iran,AFC,https://countryflagsapi.com/png/islamic%20republic%20of%20iran
ISR,Israel,UEFA,https://countryflagsapi.com/png/israel
ITA,Italy,UEFA,https://countryflagsapi.com/png/italy
JAM,Jamaica,CONCACF,https://countryflagsapi.com/png/jamaica
JPN,Japan,AFC,https://countryflagsapi.com/png/japan
JOR,Jordan,AFC,https://countryflagsapi.com/png/jordan
KAZ,Kazakhstan,UEFA,https://countryflagsapi.com/png/kazakhstan
KEN,Kenya,CAF,https://countryflagsapi.com/png/kenya
KOR,Korea,AFC,https://countryflagsapi.com/png/korea
KOS,Kosovo,UEFA,https://countryflagsapi.com/png/kosovo
KUW,Kuwait,AFC,https://countryflagsapi.com/png/kuwait
KGZ,Kyrgyzstan,AFC,https://countryflagsapi.com/png/kyrgyzstan
LAO,Lao People’s Democratic Republic,AFC,https://countryflagsapi.com/png/lao%20people’s%20democratic%20republic
LAT,Latvia,UEFA,https://countryflagsapi.com/png/latvia
LIB,Lebanon,AFC,https://countryflagsapi.com/png/lebanon
LES,Lesotho,CAF,https://countryflagsapi.com/png/lesotho
LBR,Liberia,CAF,https://countryflagsapi.com/png/liberia
LBA,Libya,CAF,https://countryflagsapi.com/png/libya
LIE,Liechtenstein,UEFA,https://countryflagsapi.com/png/liechtenstein
LTU,Lithuania,UEFA,https://countryflagsapi.com/png/lithuania
LUX,Luxembourg,UEFA,https://countryflagsapi.com/png/luxembourg
MAC,Macau,AFC,https://countryflagsapi.com/png/macau
MAD,Madagascar,CAF,https://countryflagsapi.com/png/madagascar
MAW,Malawi,CAF,https://countryflagsapi.com/png/malawi
MAS,Malaysia,AFC,https://countryflagsapi.com/png/malaysia
MDV,Maldives,AFC,https://countryflagsapi.com/png/maldives
MLI,Mali,CAF,https://countryflagsapi.com/png/mali
MLT,Malta,UEFA,https://countryflagsapi.com/png/malta
MTN,Mauritania,CAF,https://countryflagsapi.com/png/mauritania
MRI,Mauritius,CAF,https://countryflagsapi.com/png/mauritius
MEX,Mexico,CONCACF,https://countryflagsapi.com/png/mexico
MGL,Mongolia,AFC,https://countryflagsapi.com/png/mongolia
MSR,Montserrat,CONCACF,https://countryflagsapi.com/png/montserrat
MNE,Montenegro,UEFA,https://countryflagsapi.com/png/montenegro
MAR,Morocco,CAF,https://countryflagsapi.com/png/morocco
MOZ,Mozambique,CAF,https://countryflagsapi.com/png/mozambique
MYA,Myanmar,AFC,https://countryflagsapi.com/png/myanmar
NAM,Namibia,CAF,https://countryflagsapi.com/png/namibia
NEP,Nepal,AFC,https://countryflagsapi.com/png/nepal
NED,Netherlands,UEFA,https://countryflagsapi.com/png/netherlands
NZL,New Zealand,OFC,https://countryflagsapi.com/png/new%20zealand
NCA,Nicaragua,CONCACF,https://countryflagsapi.com/png/nicaragua
NCL,New Caledonia,OFC,https://countryflagsapi.com/png/new%20caledonia
NIG,Niger,CAF,https://countryflagsapi.com/png/niger
NGR,Nigeria,CAF,https://countryflagsapi.com/png/nigeria
NOR,Norway,UEFA,https://countryflagsapi.com/png/norway
NIR,Northern Ireland,UEFA,https://countryflagsapi.com/png/northern%20ireland
OMA,Oman,AFC,https://countryflagsapi.com/png/oman
PAK,Pakistan,AFC,https://countryflagsapi.com/png/pakistan
PLE,Palestine,AFC,https://countryflagsapi.com/png/palestine
PAN,Panama,CONCACF,https://countryflagsapi.com/png/panama
PNG,Papua New Guinea,OFC,https://countryflagsapi.com/png/papua%20new%20guinea
PAR,Paraguay,CONMEBOL,https://countryflagsapi.com/png/paraguay
CHN,People’s Republic of China,AFC,https://countryflagsapi.com/png/people’s%20republic%20of%20china
PER,Peru,CONMEBOL,https://countryflagsapi.com/png/peru
PHI,Philippines,AFC,https://countryflagsapi.com/png/philippines
POL,Poland,UEFA,https://countryflagsapi.com/png/poland
POR,Portugal,UEFA,https://countryflagsapi.com/png/portugal
PUR,Puerto Rico,CONCACF,https://countryflagsapi.com/png/puerto%20rico
QAT,Qatar,AFC,https://countryflagsapi.com/png/qatar
MDA,Republic of Moldova,UEFA,https://countryflagsapi.com/png/republic%20of%20moldova
ROM,Romania,UEFA,https://countryflagsapi.com/png/romania
RUS,Russian Federation,UEFA,https://countryflagsapi.com/png/russian%20federation
RWA,Rwanda,CAF,https://countryflagsapi.com/png/rwanda
SKN,Saint Kitts and Nevis,CONCACF,https://countryflagsapi.com/png/saint%20kitts%20and%20nevis
LCA,Saint Lucia,CONCACF,https://countryflagsapi.com/png/saint%20lucia
VIN,Saint Vincent and the Grenadines,CONCACF,https://countryflagsapi.com/png/saint%20vincent%20and%20the%20grenadines
SAM,Samoa,OFC,https://countryflagsapi.com/png/samoa
SMR,San Marino,UEFA,https://countryflagsapi.com/png/san%20marino
STP,São Tomé and Príncipe,CAF,https://countryflagsapi.com/png/são%20tomé%20and%20príncipe
KSA,Saudi Arabia,AFC,https://countryflagsapi.com/png/saudi%20arabia
SCO,Scotland,UEFA,https://countryflagsapi.com/png/scotland
SEN,Senegal,CAF,https://countryflagsapi.com/png/senegal
SRB,Serbia,UEFA,https://countryflagsapi.com/png/serbia
SEY,Seychelles,CAF,https://countryflagsapi.com/png/seychelles
SLE,Sierra Leone,CAF,https://countryflagsapi.com/png/sierra%20leone
SIN,Singapore,AFC,https://countryflagsapi.com/png/singapore
SVK,Slovakia,UEFA,https://countryflagsapi.com/png/slovakia
SLO,Slovenia,UEFA,https://countryflagsapi.com/png/slovenia
SOL,Solomon Islands,OFC,https://countryflagsapi.com/png/solomon%20islands
SOM,Somalia,CAF,https://countryflagsapi.com/png/somalia
RSA,South Africa,CAF,https://countryflagsapi.com/png/south%20africa
SSD,South Sudan,CAF,https://countryflagsapi.com/png/south%20sudan
ESP,Spain,UEFA,https://countryflagsapi.com/png/spain
SRI,Sri Lanka,AFC,https://countryflagsapi.com/png/sri%20lanka
SUD,Sudan,CAF,https://countryflagsapi.com/png/sudan
SUR,Suriname,CONCACF,https://countryflagsapi.com/png/suriname
SWZ,Swaziland (eSwatini),CAF,https://countryflagsapi.com/png/swaziland%20(eswatini)
SWE,Sweden,UEFA,https://countryflagsapi.com/png/sweden
SUI,Switzerland,UEFA,https://countryflagsapi.com/png/switzerland
SYR,Syrian Arab Republic,AFC,https://countryflagsapi.com/png/syrian%20arab%20republic
TAH,Tahiti,CONCACF,https://countryflagsapi.com/png/tahiti
TJK,Tajikistan,AFC,https://countryflagsapi.com/png/tajikistan
THA,Thailand,AFC,https://countryflagsapi.com/png/thailand
MKD,North Macedonia,UEFA,https://countryflagsapi.com/png/north%20macedonia
TLS,Timor-Leste,AFC,https://countryflagsapi.com/png/timor-leste
TOG,Togo,CAF,https://countryflagsapi.com/png/togo
TGA,Tonga,OFC,https://countryflagsapi.com/png/tonga
TRI,Trinidad and Tobago,CONCACF,https://countryflagsapi.com/png/trinidad%20and%20tobago
TUN,Tunisia,CAF,https://countryflagsapi.com/png/tunisia
TCA,Turks and Caicos Islands,CONCACF,https://countryflagsapi.com/png/turks%20and%20caicos%20islands
TUR,Turkey,UEFA,https://countryflagsapi.com/png/turkey
TKM,Turkmenistan,AFC,https://countryflagsapi.com/png/turkmenistan
UGA,Uganda,CAF,https://countryflagsapi.com/png/uganda
UKR,Ukraine,UEFA,https://countryflagsapi.com/png/ukraine
UAE,United Arab Emirates,AFC,https://countryflagsapi.com/png/united%20arab%20emirates
TAN,United Republic of Tanzania,CAF,https://countryflagsapi.com/png/united%20republic%20of%20tanzania
USA,United States of America,CONCACF,https://countryflagsapi.com/png/united%20states%20of%20america
URU,Uruguay,CONMEBOL,https://countryflagsapi.com/png/uruguay
UZB,Uzbekistan,AFC,https://countryflagsapi.com/png/uzbekistan
VAN,Vanuatu,OFC,https://countryflagsapi.com/png/vanuatu
VEN,Venezuela,CONMEBOL,https://countryflagsapi.com/png/venezuela
VIE,Viet Nam,AFC,https://countryflagsapi.com/png/viet%20nam
ISV,US Virgin Islands,CONCACF,https://countryflagsapi.com/png/us%20virgin%20islands
WAL,Wales,UEFA,https://countryflagsapi.com/png/wales
YEM,Yemen,AFC,https://countryflagsapi.com/png/yemen
ZAM,Zambia,CAF,https://countryflagsapi.com/png/zambia
ZIM,Zimbabwe,CAF,https://countryflagsapi.com/png/zimbabwe
